<?xml version="1.0" encoding="utf-8"?>
<android.support.v4.widget.DrawerLayout
	xmlns:android="http://schemas.android.com/apk/res/android"
	xmlns:tools="http://schemas.android.com/tools"
	android:id="@+id/drawer"
	android:layout_width="match_parent"
	android:layout_height="match_parent"
	tools:context=".MainActivity">

	<LinearLayout
		android:id="@+id/LinearLayout1"
		android:layout_width="match_parent"
		android:layout_height="match_parent"
		android:orientation="vertical">

		<HorizontalScrollView
		    android:id="@+id/maictivity_scrollview"
			android:layout_height="wrap_content"
			android:layout_width="wrap_content"
			android:scrollbars="none">

			<TabHost
				android:id="@+id/tabhost"
				android:layout_width="wrap_content"
				android:layout_height="wrap_content"
				android:orientation="vertical">

				<LinearLayout
					android:layout_width="match_parent"
					android:layout_height="wrap_content"
					android:orientation="vertical">

					<TabWidget
						android:id="@android:id/tabs"
						android:layout_width="match_parent"
						android:layout_height="wrap_content">

					</TabWidget>

					<FrameLayout
						android:id="@android:id/tabcontent"
						android:layout_width="match_parent"
						android:layout_height="0dp">

						<LinearLayout
							android:id="@+id/tab1"
							android:layout_width="match_parent"
							android:layout_height="match_parent"
							android:orientation="vertical">

						</LinearLayout>

					</FrameLayout>

				</LinearLayout>

			</TabHost>

		</HorizontalScrollView>

		<android.support.v4.view.ViewPager
			android:id="@+id/vpPage"
			android:layout_width="match_parent"
			android:layout_height="match_parent">

		</android.support.v4.view.ViewPager>

	</LinearLayout>

	<LinearLayout
		android:id="@+id/menuLL"
		android:layout_width="match_parent"
		android:layout_height="match_parent"
		android:layout_gravity="start"
		android:clickable="true"
		android:background="@android:color/white"
		android:orientation="vertical">

		<LinearLayout
			android:layout_width="match_parent"
			android:layout_height="wrap_content"
			android:orientation="horizontal">

			<Button
				android:layout_width="match_parent"
				android:layout_height="wrap_content"
				android:text="Open"
				android:layout_weight="1.0"
				android:id="@+id/activitymainButtonOpenDatabase">

			</Button>

			<Button
				android:layout_width="match_parent"
				android:layout_height="wrap_content"
				android:text="Refresh"
				android:layout_weight="1.0"
				android:id="@+id/activitymainButtonRefreshList">

			</Button>

		</LinearLayout>

		<ExpandableListView
			android:layout_height="wrap_content"
			android:layout_width="match_parent"
			android:id="@+id/activitymainExpandableListView1"/>

	</LinearLayout>

</android.support.v4.widget.DrawerLayout>

